IP,Date,Time,Accepted cookies,Device type,Browser language,Browser name,OS Name
103.98.209.34,2024-06-12,11:27:26 UTC,["necessary"],desktop,en,Chrome,Windows,India,TN,Tamil Nadu,Chennai,600005,12.8996,80.2209
103.202.54.126,2024-06-12,12:56:27 UTC,["necessary"],desktop,en,Chrome,Windows,United Kingdom,ENG,England,London,E14 9GE,51.5123,-0.0909
38.255.32.247,2024-06-12,13:17:19 UTC,["necessary"],desktop,en,Chrome,Windows,United States,TX,Texas,Dallas,75207,32.7766,-96.7969
103.98.209.34,2024-06-12,13:55:27 UTC,["necessary"],desktop,en,Chrome,Windows,India,TN,Tamil Nadu,Chennai,600005,12.8996,80.2209
49.36.81.101,2024-06-12,15:50:18 UTC,["necessary"],desktop,en,Chrome,Linux,India,GJ,Gujarat,Surat,395007,21.1888,72.8293
103.98.209.34,2024-06-12,16:20:12 UTC,["necessary"],desktop,en,Chrome,Windows,India,TN,Tamil Nadu,Chennai,600005,12.8996,80.2209
152.110.72.167,2024-06-12,16:30:48 UTC,["necessary"],desktop,en,Firefox,Windows,South Africa,WC,Western Cape,Cape Town,7701,-33.9249,18.4267
152.58.198.191,2024-06-12,17:41:20 UTC,["necessary"],mobile,en,Chrome,iOS,India,TS,Telangana,Hyderabad,500002,17.3724,78.4378
103.98.209.34,2024-06-12,21:04:03 UTC,["necessary"],desktop,en,Chrome,Windows,India,TN,Tamil Nadu,Chennai,600005,12.8996,80.2209
38.255.32.247,2024-06-12,21:27:04 UTC,["necessary"],desktop,en,Chrome,Windows,United States,TX,Texas,Dallas,75207,32.7766,-96.7969
38.255.32.247,2024-06-13,17:14:52 UTC,["necessary"],desktop,en,Chrome,Windows,United States,TX,Texas,Dallas,75207,32.7766,-96.7969
120.60.175.119,2024-06-13,17:33:57 UTC,["necessary"],mobile,en,Chrome,iOS,India,TN,Tamil Nadu,Kayalpattinam,628204,8.5752,78.1194
102.0.5.44,2024-06-14,16:06:00 UTC,["necessary"],mobile,en,Chrome,Android,Kenya,30,Nairobi County,Nairobi,09831,-1.2841,36.8155
